{
    "id": 0,
    "type": "cylinder",
    "params": [
        [
            0.1353986268239012,
            0.6010878115752394,
            -0.7876297700251632
        ],
        [
            0.06334654680732134,
            -0.0020837211963901925,
            0.029383599080698736
        ],
        0.34456138364548156
    ],
    "err": 0.03243236222035401
}