{
  "E": {
    "Edata": 14.282502174377441,
    "EG1": 0.2486237734556198,
    "EG2": 0.0015452316729351878,
    "Ecoax": 0.0,
    "Eang": 0.0,
    "Egap": 28.382482528686523,
    "Eself": 0.011458886787295341,
    "Ereg": 0.015812398865818977,
    "Etotal": 298.357421875
  },
  "G1_discont": 5,
  "GAP_violations": 5975,
  "SELF_soft": 0.0,
  "STEP_success": false,
  "Chamfer": 3.1953372955322266,
  "Hausdorff": 36.85544967651367
}