metric,ref_to_tar,tar_to_ref
mean,0.0023812759852997545,0.002728272669122261
rms,0.0026407742065996977,0.0037492029227363193
std,0.0011415835896144216,0.0025715852695905404
p50,0.0022409111009729183,0.0022551026493751627
p90,0.003936124458074151,0.004155696216757468
p95,0.004469277172087593,0.005037076382220414
p99,0.005509229671100776,0.017706797477616304
max,0.008498481914756233,0.02703729427299222
count,200000,200000
Chamfer_mean,0.0025547743272110075,
Chamfer_rms,0.003242700338151586,
