metric,ref_to_tar,tar_to_ref
mean,0.004742591157301381,0.004050362355719924
rms,0.006473997838689037,0.005169318471218058
std,0.004406867042473266,0.003211918156529388
p50,0.00333594165981237,0.00325916936953439
p90,0.011333093541748704,0.006276857503453719
p95,0.016577438322927057,0.010985728532765214
p99,0.020213414291437012,0.018251257843112646
max,0.021763875431772894,0.02115848701764844
count,200000,200000
Chamfer_mean,0.004396476756510653,
Chamfer_rms,0.005858092755847526,
