metric,ref_to_tar,tar_to_ref
mean,0.002355631130793619,0.002698131095831394
rms,0.002612716894705566,0.0037087982973375414
std,0.0011301732378338604,0.0025446558510025525
p50,0.002215238621393039,0.002229191510273236
p90,0.0039018887549760245,0.0041302115007004975
p95,0.004422599921264944,0.005005583793252309
p99,0.005448211328822793,0.017527034843665728
max,0.008871339221344934,0.02699924068409965
count,200000,200000
Chamfer_mean,0.0025268811133125064,
Chamfer_rms,0.003207917890331183,
