metric,ref_to_tar,tar_to_ref
mean,0.006153970017016303,0.0037558777149095807
rms,0.010567955835854728,0.005509376449027523
std,0.008591294639240373,0.004030708554056558
p50,0.0028562266034846693,0.0027813333719368272
p90,0.024728354625049687,0.005135088705549826
p95,0.02952012437004565,0.012630901977958065
p99,0.032397376643766455,0.023777254472427893
max,0.03307043605528103,0.026860144716532718
count,200000,200000
Chamfer_mean,0.004954923865962942,
Chamfer_rms,0.00842718575224479,
