metric,ref_to_tar,tar_to_ref
mean,0.002549140198783861,0.002540349407378976
rms,0.0027879100151300775,0.0027737089312255096
std,0.0011288607085937405,0.0011135915425278
p50,0.0024258310177699164,0.002425230575433938
p90,0.004084541171750749,0.004054751999537442
p95,0.004632766307762971,0.0045893365919317235
p99,0.005611437924257613,0.005528430867618176
max,0.009154837953127642,0.009345762940608151
count,200000,200000
Chamfer_mean,0.0025447448030814185,
Chamfer_rms,0.0027808185384543475,
