metric,ref_to_tar,tar_to_ref
mean,0.0023657424670907386,0.0027223960291364833
rms,0.0026263510400252443,0.0037582971409335646
std,0.0011406061392282211,0.002591014716301571
p50,0.0022304566156405616,0.0022497774548159216
p90,0.003920807545332431,0.004149701030999651
p95,0.004441440911266502,0.005050200901888315
p99,0.005478225464054377,0.017829939293585055
max,0.008523076627671423,0.027228167282612473
count,200000,200000
Chamfer_mean,0.0025440692481136108,
Chamfer_rms,0.003242107122304188,
