metric,ref_to_tar,tar_to_ref
mean,0.0023849320538704135,0.002733874892735775
rms,0.0026427698426105027,0.0037597722022630832
std,0.0011385655622022795,0.002581049221494846
p50,0.0022495186100629193,0.002263919375264929
p90,0.003933089631102149,0.004149501591143479
p95,0.0044714552216333844,0.005058567776812049
p99,0.005507007826679552,0.017879267514716315
max,0.008717630152447486,0.027070461670447785
count,200000,200000
Chamfer_mean,0.0025594034733030942,
Chamfer_rms,0.003249624551692221,
