metric,ref_to_tar,tar_to_ref
mean,0.0023828754420765334,0.0027503039787870106
rms,0.0026380082945179294,0.0037850867660076605
std,0.0011318093432614686,0.0026005210728764867
p50,0.0022500482081444385,0.0022716713253133044
p90,0.003923987168903183,0.004166371909701278
p95,0.0044408336776926615,0.005076138958017888
p99,0.005472650103993478,0.018001635357092177
max,0.009030646656396503,0.02700503493157417
count,200000,200000
Chamfer_mean,0.0025665897104317718,
Chamfer_rms,0.0032623587776447675,
