metric,ref_to_tar,tar_to_ref
mean,0.0023489327095815647,0.0027056663340563375
rms,0.0026118606139737643,0.003754998961611264
std,0.0011420731117950454,0.002603725578945641
p50,0.002208715188525191,0.002224298579344528
p90,0.003897015804440213,0.004131002728780081
p95,0.004432346332292749,0.005048750552690239
p99,0.005503382743973664,0.018065605284266918
max,0.013637936425043195,0.027546828579904502
count,200000,200000
Chamfer_mean,0.002527299521818951,
Chamfer_rms,0.0032343340171145808,
