metric,ref_to_tar,tar_to_ref
mean,0.002363793388142995,0.002719746830692929
rms,0.00262255335788808,0.0037501234129894766
std,0.00113589917384489,0.00258193779738932
p50,0.0022145288071329355,0.002238590585149432
p90,0.0039157464601804306,0.004140349549420339
p95,0.004460714682608184,0.00503427081751518
p99,0.005497055453141153,0.017818967691779132
max,0.009931067543691826,0.027527672474942335
count,200000,200000
Chamfer_mean,0.002541770109417962,
Chamfer_rms,0.0032358315567734583,
