metric,ref_to_tar,tar_to_ref
mean,0.0023671487181125732,0.002724150715730414
rms,0.0026274258129119015,0.0037577498165541597
std,0.0011401637376683075,0.0025883752745300076
p50,0.0022296985043366068,0.0022466286349367708
p90,0.003916433079865027,0.004150774562383638
p95,0.00444883280837948,0.005045615325226858
p99,0.0055140441390862755,0.017860217256405953
max,0.008658337655471842,0.027215995610997627
count,200000,200000
Chamfer_mean,0.0025456497169214936,
Chamfer_rms,0.0032422253226887694,
