metric,ref_to_tar,tar_to_ref
mean,0.0023654430343734564,0.0027148058032157034
rms,0.002623378818176652,0.003737657543819703
std,0.0011343701665646989,0.002569029654499666
p50,0.0022312448964261883,0.0022452784634114232
p90,0.003910389761440665,0.004136818115514061
p95,0.004437173239329582,0.0050164819621339295
p99,0.005491773707663052,0.017803870824642496
max,0.008709625700701508,0.02720705368115631
count,200000,200000
Chamfer_mean,0.00254012441879458,
Chamfer_rms,0.0032289472230535342,
