{"curves": [{"pv_points": [[-0.04403067007660866, 0.36355671286582947, -0.029162637889385223], [-0.04464142397046089, 0.3624400794506073, -0.027523869648575783], [-0.043819379061460495, 0.3639430105686188, -0.029729561880230904], [-0.043716687709093094, 0.36413058638572693, -0.030080478638410568], [-0.046878110617399216, 0.35835108160972595, -0.021522872149944305], [-0.0489564947783947, 0.3545489013195038, -0.01714612916111946], [-0.05316382274031639, 0.3468492925167084, -0.009584253653883934], [-0.05322083830833435, 0.34674492478370667, -0.00949169136583805], [-0.05456804111599922, 0.34427881240844727, -0.00730436434969306], [-0.050473086535930634, 0.3517744541168213, -0.013952553272247314], [-0.05165532976388931, 0.34961044788360596, -0.012033216655254364], [-0.05574033409357071, 0.3421318531036377, -0.0058995988219976425], [-0.05718787759542465, 0.33948081731796265, -0.00416478281840682], [-0.05870392546057701, 0.33564168214797974, -0.0011569313937798142], [-0.06686041504144669, 0.31503552198410034, 0.008924167603254318], [-0.06736692786216736, 0.3137587904930115, 0.009189982898533344], [-0.06637892872095108, 0.3162510097026825, 0.008440417237579823], [-0.06597524136304855, 0.3172701299190521, 0.00803480762988329], [-0.06264309585094452, 0.3256821632385254, 0.004686663392931223], [-0.06133468821644783, 0.32899025082588196, 0.002745971316471696], [-0.07123170047998428, 0.3040170967578888, 0.011218319647014141], [-0.07558518648147583, 0.29306095838546753, 0.011295630596578121], [-0.07560224831104279, 0.29301804304122925, 0.011295933276414871], [-0.07561436295509338, 0.292987585067749, 0.011289281770586967], [-0.07977362722158432, 0.28253892064094543, 0.009006564505398273], [-0.08524546772241592, 0.2688334882259369, 0.0008934419020079076], [-0.08693725615739822, 0.26460424065589905, -0.002666186774149537], [-0.08362963050603867, 0.2728728652000427, 0.0042932950891554356], [-0.08248990029096603, 0.2757299542427063, 0.005690685007721186], [-0.08133649826049805, 0.2786211669445038, 0.007104876916855574], [-0.07979530841112137, 0.2824844717979431, 0.008994667790830135]], "pv_lines": [[0, 1], [2, 0], [3, 2], [1, 4], [4, 5], [6, 7], [7, 8], [9, 10], [10, 6], [5, 9], [11, 12], [8, 11], [12, 13], [14, 15], [16, 14], [17, 16], [18, 17], [19, 18], [13, 19], [15, 20], [21, 22], [22, 23], [20, 21], [23, 24], [25, 26], [27, 25], [28, 27], [29, 28], [30, 29], [24, 30]]}, {"pv_points": [[0.019656622782349586, -0.4348647892475128, 0.1884499341249466], [0.01972130499780178, -0.4348283112049103, 0.18775337934494019], [0.019523466005921364, -0.4349399209022522, 0.18988390266895294], [0.019293464720249176, -0.4350696802139282, 0.1923607736825943], [0.016044164076447487, -0.43690091371536255, 0.22734880447387695], [0.01660691387951374, -0.4365829825401306, 0.22128678858280182], [0.01597508415579796, -0.43693992495536804, 0.2280929535627365], [0.018164537847042084, -0.43570563197135925, 0.2045162171125412], [0.01834060437977314, -0.4356065094470978, 0.20262065529823303], [0.01766863651573658, -0.43598490953445435, 0.20985519886016846], [0.017652470618486404, -0.435994029045105, 0.2100292593240738], [0.01715766079723835, -0.43627268075942993, 0.2153564989566803], [0.016650374978780746, -0.43655848503112793, 0.22081869840621948], [0.01865457184612751, -0.4354296326637268, 0.19924002885818481], [0.021277079358696938, -0.4339505732059479, 0.17099985480308533], [0.02166065387427807, -0.43373456597328186, 0.16687019169330597], [0.020706120878458023, -0.4342723488807678, 0.17714735865592957], [0.020917870104312897, -0.43415287137031555, 0.1748671978712082], [0.021889017894864082, -0.43360596895217896, 0.16441155970096588], [0.020394956693053246, -0.4344480037689209, 0.18049843609333038], [0.0206585805863142, -0.43429920077323914, 0.17765934765338898], [0.02695133537054062, -0.43075236678123474, 0.10990152508020401], [0.027416681870818138, -0.43049031496047974, 0.10489150881767273], [0.02780316211283207, -0.43027231097221375, 0.10072989761829376], [0.028675027191638947, -0.42978036403656006, 0.09134127199649811], [0.02767297625541687, -0.4303458034992218, 0.10213182866573334], [0.02749262936413288, -0.4304475486278534, 0.10407383739948273], [0.02898591198027134, -0.4296048879623413, 0.0879933163523674], [0.029041223227977753, -0.429573655128479, 0.08739765733480453], [0.029044218361377716, -0.4295719861984253, 0.08736540377140045], [0.02910752035677433, -0.4295363128185272, 0.08668378740549088], [0.02254265733063221, -0.4332377016544342, 0.15737345814704895], [0.022662729024887085, -0.433169960975647, 0.156080424785614], [0.02307182177901268, -0.4329391121864319, 0.15167486667633057], [0.02366470731794834, -0.43260452151298523, 0.14528994262218475], [0.022832248359918594, -0.43307432532310486, 0.15425488352775574], [0.024167165160179138, -0.4323209822177887, 0.13987886905670166], [0.024386435747146606, -0.4321975111961365, 0.13751819729804993], [0.024666784331202507, -0.43203964829444885, 0.1345001608133316], [0.024254517629742622, -0.4322717487812042, 0.1389382779598236], [0.025437461212277412, -0.4316054582595825, 0.12620246410369873], [0.025668848305940628, -0.43147504329681396, 0.12371087074279785], [0.025791961699724197, -0.4314056634902954, 0.1223851889371872], [0.025939950719475746, -0.4313221275806427, 0.12079140543937683], [0.026670891791582108, -0.43091028928756714, 0.11292082816362381], [0.0266202874481678, -0.43093881011009216, 0.11346572637557983], [0.03881194069981575, -0.4162047505378723, -0.03209342435002327], [0.03897010162472725, -0.41598740220069885, -0.03402937576174736], [0.0386076383292675, -0.4164854884147644, -0.02959268167614937], [0.03824715316295624, -0.4169809818267822, -0.025180058553814888], [0.03789374977350235, -0.4174667000770569, -0.020854149013757706], [0.03755303844809532, -0.41793501377105713, -0.016683561727404594], [0.04038727656006813, -0.4140409827232361, -0.05137523636221886], [0.04064842313528061, -0.41368234157562256, -0.054571378976106644], [0.04030153155326843, -0.4141587018966675, -0.05032582953572273], [0.039730217307806015, -0.41494351625442505, -0.043332211673259735], [0.03997010365128517, -0.4146139323711395, -0.046268824487924576], [0.03927434980869293, -0.41556957364082336, -0.03775300458073616], [0.04133189842104912, -0.4127437472343445, -0.06293635815382004], [0.04156668484210968, -0.4124211072921753, -0.06581027805805206], [0.04132883623242378, -0.41274794936180115, -0.06289888918399811], [0.0418044850230217, -0.4120942950248718, -0.06872105598449707], [0.04235595464706421, -0.4113363027572632, -0.0754716545343399], [0.04269282519817352, -0.41087326407432556, -0.07959522306919098], [0.04322152957320213, -0.4101467430591583, -0.08606687188148499], [0.04248487204313278, -0.41115912795066833, -0.07704958319664001]],