{
  "center": [
    0.030960147410352374,
    0.009832877214035972,
    23.164890918315574
  ],
  "rotation": [
    [
      0.00117398653699341,
      0.00037271087306578455,
      0.9999992414208203
    ],
    [
      -0.00037271087306578455,
      0.9999998612494964,
      -0.0003722735462037542
    ],
    [
      -0.9999992414208203,
      -0.0003722735462037542,
      0.001174125287497052
    ]
  ],
  "scale_norm": 150.00097920988694,
  "target_max": 1.0,
  "place_x": "min",
  "dx": 0.15504760354996597
}